User ID,Last Name,First Name,Middle Name,Honorific Prefix,Honorific Suffix,Display Name,Nick Name,Profile URL,Title,User Type,Locale,Preferred Language,TimeZone,Active,Password,Work Email,Home Email,Primary Email Type,Work Phone,Mobile No,Work Street Address,Work City,Work State,Work Postal Code,Work Country,Federated,Employee Number,Cost Center,Organization,Division,Department,Manager Name
Agold,Gold,Alice,W,dr,suff,Alice Gold,Alyglow,http://www.google.co.in,Mrs,Employee,en,en-US,Etc/UTC,TRUE,Welcome@1223*,alice@example.com,alice@home.com,work,9800000000,9800000001,Plot 8,Belmont,California,201301,US,FALSE,10,I1RB,IN,Division1,D2,
BJones,Jones,Brian,A,dr,suff,Brian Jones,Bonny,http://www.google.co.in,Mr,Employee,en,en-US,America/Los_Angeles,TRUE,Welcome@1223*,brian@example.com,brian@home.com,home,9800000000,9800000001,Plot 8,San Mateo,california,201301,US,FALSE,20,I1RB,IN,Division1,D2,
JSmith,Smith,John,V,dr,suff,John Smith,Jhonny,http://www.google.co.in,Mr,Employee,en,fr,Etc/UTC,TRUE,Welcome@1223*,john@example.com,john@home.com,,9800000000,9800000001,Plot 8,belmont,California,201301,US,FALSE,30,I1RB,IN,Division1,D2,
SWasher,Washer,Sally,T,dr,suff,Sally Washer,Salwe,http://www.google.co.in,Ms,Employee,en,en-US,America/Los_Angeles,TRUE,Welcome@1223*,sally@example.com,sally@home.com,,9800000000,9800000001,Plot 8,Fremont,California,201301,US,FALSE,40,I1RB,IN,Division1,D2,
